data_profile,leakage_rate,lambda_reg,window_size,n_layers,lag,beta,gamma,n,tau,dt,T,median_mse_one_step_ahead,median_mse_autonomous,n_points,ar_coeffs,ma_coeffs
Classic_Chaos_(tau=17),0.1,1e-08,4,1,0,0.2,0.1,10.0,17.0,1.0,2000.0,0.0007200531113496676,4769.946665225264,,,
Classic_Chaos_(tau=17),0.1,1e-08,4,2,0,0.2,0.1,10.0,17.0,1.0,2000.0,0.0006925129390305,2176.2961504596733,,,
Classic_Chaos_(tau=17),0.1,1e-08,4,3,0,0.2,0.1,10.0,17.0,1.0,2000.0,0.0007739490807931952,877.5132317279293,,,
Classic_Chaos_(tau=17),0.1,1e-08,4,4,0,0.2,0.1,10.0,17.0,1.0,2000.0,0.0007960291325890545,1242.331809382879,,,
Classic_Chaos_(tau=17),0.1,1e-08,5,1,0,0.2,0.1,10.0,17.0,1.0,2000.0,0.0006221015025054778,7508.013730952294,,,
Classic_Chaos_(tau=17),0.1,1e-08,5,2,0,0.2,0.1,10.0,17.0,1.0,2000.0,0.0006448445265928088,2955.2781172478126,,,
Classic_Chaos_(tau=17),0.1,1e-08,5,3,0,0.2,0.1,10.0,17.0,1.0,2000.0,0.0006099417039998041,659.0833215658522,,,
Classic_Chaos_(tau=17),0.1,1e-08,5,4,0,0.2,0.1,10.0,17.0,1.0,2000.0,0.000705443637238834,1011.2220429695889,,,
Classic_Chaos_(tau=17),0.1,1e-08,6,1,0,0.2,0.1,10.0,17.0,1.0,2000.0,0.0005352859529091554,12498.958839391138,,,
Classic_Chaos_(tau=17),0.1,1e-08,6,2,0,0.2,0.1,10.0,17.0,1.0,2000.0,0.0004828772207863177,1694.179918200218,,,
Classic_Chaos_(tau=17),0.1,1e-08,6,3,0,0.2,0.1,10.0,17.0,1.0,2000.0,0.0005097408148373781,1643.9906914260807,,,
Classic_Chaos_(tau=17),0.1,1e-08,6,4,0,0.2,0.1,10.0,17.0,1.0,2000.0,0.0005485545386522374,1353.9960414560505,,,
Classic_Chaos_(tau=17),0.1,1e-08,7,1,0,0.2,0.1,10.0,17.0,1.0,2000.0,0.0004707789159813015,6994.412526055313,,,
Classic_Chaos_(tau=17),0.1,1e-08,7,2,0,0.2,0.1,10.0,17.0,1.0,2000.0,0.00038202163094360603,4234.301016989112,,,
Classic_Chaos_(tau=17),0.1,1e-08,7,3,0,0.2,0.1,10.0,17.0,1.0,2000.0,0.00036539183874287237,2066.6915734106774,,,
Classic_Chaos_(tau=17),0.1,1e-08,7,4,0,0.2,0.1,10.0,17.0,1.0,2000.0,0.0003825961401682446,1331.682670620102,,,
Classic_Chaos_(tau=17),0.1,1e-08,8,1,0,0.2,0.1,10.0,17.0,1.0,2000.0,0.00030380360665521955,8054.734636070912,,,
Classic_Chaos_(tau=17),0.1,1e-08,8,2,0,0.2,0.1,10.0,17.0,1.0,2000.0,0.0002774626263643908,6961.63610812597,,,
Classic_Chaos_(tau=17),0.1,1e-08,8,3,0,0.2,0.1,10.0,17.0,1.0,2000.0,0.00028068360839463935,1604.9175013115896,,,
Classic_Chaos_(tau=17),0.1,1e-08,8,4,0,0.2,0.1,10.0,17.0,1.0,2000.0,0.0002855559509151167,1270.3007463609051,,,
Classic_Chaos_(tau=17),0.5,1e-08,4,1,0,0.2,0.1,10.0,17.0,1.0,2000.0,0.00010180634701390876,542.4584960671153,,,
Classic_Chaos_(tau=17),0.5,1e-08,4,2,0,0.2,0.1,10.0,17.0,1.0,2000.0,8.371676259033396e-05,64.07587845381953,,,
Classic_Chaos_(tau=17),0.5,1e-08,4,3,0,0.2,0.1,10.0,17.0,1.0,2000.0,8.904367596106451e-05,63.84810768082538,,,
Classic_Chaos_(tau=17),0.5,1e-08,4,4,0,0.2,0.1,10.0,17.0,1.0,2000.0,7.640297549155456e-05,75.85712559783562,,,
Classic_Chaos_(tau=17),0.5,1e-08,5,1,0,0.2,0.1,10.0,17.0,1.0,2000.0,9.641484084741133e-05,326.4268772940311,,,
Classic_Chaos_(tau=17),0.5,1e-08,5,2,0,0.2,0.1,10.0,17.0,1.0,2000.0,5.581602078110263e-05,85.01148420086328,,,
Classic_Chaos_(tau=17),0.5,1e-08,5,3,0,0.2,0.1,10.0,17.0,1.0,2000.0,5.977987302803129e-05,59.73117245004967,,,
Classic_Chaos_(tau=17),0.5,1e-08,5,4,0,0.2,0.1,10.0,17.0,1.0,2000.0,5.1711937850037946e-05,49.41819162740054,,,
Classic_Chaos_(tau=17),0.5,1e-08,6,1,0,0.2,0.1,10.0,17.0,1.0,2000.0,5.900154759180389e-05,695.1113659787112,,,
Classic_Chaos_(tau=17),0.5,1e-08,6,2,0,0.2,0.1,10.0,17.0,1.0,2000.0,4.165727540984246e-05,79.93631525511738,,,
Classic_Chaos_(tau=17),0.5,1e-08,6,3,0,0.2,0.1,10.0,17.0,1.0,2000.0,3.8878403732014017e-05,62.821618320736164,,,
Classic_Chaos_(tau=17),0.5,1e-08,6,4,0,0.2,0.1,10.0,17.0,1.0,2000.0,4.2180335194533804e-05,70.71849769778842,,,
Classic_Chaos_(tau=17),0.5,1e-08,7,1,0,0.2,0.1,10.0,17.0,1.0,2000.0,8.535744668577007e-05,743.0308976687171,,,
Classic_Chaos_(tau=17),0.5,1e-08,7,2,0,0.2,0.1,10.0,17.0,1.0,2000.0,3.7568292107064824e-05,156.7074950633148,,,
Classic_Chaos_(tau=17),0.5,1e-08,7,3,0,0.2,0.1,10.0,17.0,1.0,2000.0,3.307509451366751e-05,84.05982466753866,,,
Classic_Chaos_(tau=17),0.5,1e-08,7,4,0,0.2,0.1,10.0,17.0,1.0,2000.0,2.7717744807611127e-05,54.41444714761105,,,
Classic_Chaos_(tau=17),0.5,1e-08,8,1,0,0.2,0.1,10.0,17.0,1.0,2000.0,4.946188882350049e-05,775.5599130600433,,,
Classic_Chaos_(tau=17),0.5,1e-08,8,2,0,0.2,0.1,10.0,17.0,1.0,2000.0,2.355033273908925e-05,221.57585361882278,,,
Classic_Chaos_(tau=17),0.5,1e-08,8,3,0,0.2,0.1,10.0,17.0,1.0,2000.0,2.8492219995746657e-05,78.5026289619789,,,
Classic_Chaos_(tau=17),0.5,1e-08,8,4,0,0.2,0.1,10.0,17.0,1.0,2000.0,2.6421444700808282e-05,46.33278390989297,,,
Classic_Chaos_(tau=17),0.99,1e-08,4,1,0,0.2,0.1,10.0,17.0,1.0,2000.0,2.4976412768769793e-05,35.04140710683133,,,
Classic_Chaos_(tau=17),0.99,1e-08,4,2,0,0.2,0.1,10.0,17.0,1.0,2000.0,1.1788312658835374e-05,6.514138180327032,,,
Classic_Chaos_(tau=17),0.99,1e-08,4,3,0,0.2,0.1,10.0,17.0,1.0,2000.0,1.5949533877618877e-05,11.47992219795187,,,
Classic_Chaos_(tau=17),0.99,1e-08,4,4,0,0.2,0.1,10.0,17.0,1.0,2000.0,9.12676066860605e-06,14.711088312008362,,,
Classic_Chaos_(tau=17),0.99,1e-08,5,1,0,0.2,0.1,10.0,17.0,1.0,2000.0,2.2506301314293944e-05,56.410368325965145,,,
Classic_Chaos_(tau=17),0.99,1e-08,5,2,0,0.2,0.1,10.0,17.0,1.0,2000.0,6.6090726691352905e-06,23.240646687640616,,,
Classic_Chaos_(tau=17),0.99,1e-08,5,3,0,0.2,0.1,10.0,17.0,1.0,2000.0,7.068780871900505e-06,16.698505714544083,,,
Classic_Chaos_(tau=17),0.99,1e-08,5,4,0,0.2,0.1,10.0,17.0,1.0,2000.0,8.059379751524889e-06,13.327054825312526,,,
Classic_Chaos_(tau=17),0.99,1e-08,6,1,0,0.2,0.1,10.0,17.0,1.0,2000.0,2.2595730340985798e-05,223.29320018479072,,,
Classic_Chaos_(tau=17),0.99,1e-08,6,2,0,0.2,0.1,10.0,17.0,1.0,2000.0,6.148363606634356e-06,22.92614992125867,,,
Classic_Chaos_(tau=17),0.99,1e-08,6,3,0,0.2,0.1,10.0,17.0,1.0,2000.0,7.887516183743043e-06,21.419255034378384,,,
Classic_Chaos_(tau=17),0.99,1e-08,6,4,0,0.2,0.1,10.0,17.0,1.0,2000.0,1.0384000780465633e-05,23.086558967409488,,,
Classic_Chaos_(tau=17),0.99,1e-08,7,1,0,0.2,0.1,10.0,17.0,1.0,2000.0,3.342355047560383e-05,250.58073592682712,,,
Classic_Chaos_(tau=17),0.99,1e-08,7,2,0,0.2,0.1,10.0,17.0,1.0,2000.0,1.1015576163558982e-05,48.209430785742846,,,
Classic_Chaos_(tau=17),0.99,1e-08,7,3,0,0.2,0.1,10.0,17.0,1.0,2000.0,9.554571671671358e-06,21.485368882775713,,,
Classic_Chaos_(tau=17),0.99,1e-08,7,4,0,0.2,0.1,10.0,17.0,1.0,2000.0,6.865177801762948e-06,16.01169043416861,,,
Classic_Chaos_(tau=17),0.99,1e-08,8,1,0,0.2,0.1,10.0,17.0,1.0,2000.0,2.2728369953418503e-05,169.13976991122985,,,
Classic_Chaos_(tau=17),0.99,1e-08,8,2,0,0.2,0.1,10.0,17.0,1.0,2000.0,5.817951798950033e-06,51.171469821830556,,,
Classic_Chaos_(tau=17),0.99,1e-08,8,3,0,0.2,0.1,10.0,17.0,1.0,2000.0,1.0625880407236534e-05,24.330683494572675,,,
Classic_Chaos_(tau=17),0.99,1e-08,8,4,0,0.2,0.1,10.0,17.0,1.0,2000.0,7.55169364250831e-06,16.605520162323852,,,
Complex_Chaos_(tau=30),0.1,1e-08,4,1,0,0.2,0.1,10.0,30.0,1.0,2000.0,0.0034438577813241675,5660.98274373421,,,
Complex_Chaos_(tau=30),0.1,1e-08,4,2,0,0.2,0.1,10.0,30.0,1.0,2000.0,0.0034132137093373124,2558.0608584429715,,,
Complex_Chaos_(tau=30),0.1,1e-08,4,3,0,0.2,0.1,10.0,30.0,1.0,2000.0,0.0033886290322417156,1571.6173911479566,,,
Complex_Chaos_(tau=30),0.1,1e-08,4,4,0,0.2,0.1,10.0,30.0,1.0,2000.0,0.0031199065445023356,1102.1678419899442,,,
Complex_Chaos_(tau=30),0.1,1e-08,5,1,0,0.2,0.1,10.0,30.0,1.0,2000.0,0.0028713678677520986,4723.066217729298,,,
Complex_Chaos_(tau=30),0.1,1e-08,5,2,0,0.2,0.1,10.0,30.0,1.0,2000.0,0.0029319162317625264,2965.4220871128914,,,
Complex_Chaos_(tau=30),0.1,1e-08,5,3,0,0.2,0.1,10.0,30.0,1.0,2000.0,0.0029380728971989153,1309.5199920854932,,,
Complex_Chaos_(tau=30),0.1,1e-08,5,4,0,0.2,0.1,10.0,30.0,1.0,2000.0,0.002812564746663173,2614.015697626191,,,
Complex_Chaos_(tau=30),0.1,1e-08,6,1,0,0.2,0.1,10.0,30.0,1.0,2000.0,0.0026867542457137206,15854.364650847087,,,
Complex_Chaos_(tau=30),0.1,1e-08,6,2,0,0.2,0.1,10.0,30.0,1.0,2000.0,0.002605370652567674,6762.890473097193,,,
Complex_Chaos_(tau=30),0.1,1e-08,6,3,0,0.2,0.1,10.0,30.0,1.0,2000.0,0.0026122870077044703,2491.9863298799187,,,
Complex_Chaos_(tau=30),0.1,1e-08,6,4,0,0.2,0.1,10.0,30.0,1.0,2000.0,0.0026948639814540665,2623.175672671827,,,
Complex_Chaos_(tau=30),0.1,1e-08,7,1,0,0.2,0.1,10.0,30.0,1.0,2000.0,0.0024701099821501952,12396.420274448135,,,
Complex_Chaos_(tau=30),0.1,1e-08,7,2,0,0.2,0.1,10.0,30.0,1.0,2000.0,0.00242047869375001,4922.73135515541,,,
Complex_Chaos_(tau=30),0.1,1e-08,7,3,0,0.2,0.1,10.0,30.0,1.0,2000.0,0.002387660346811912,2298.2783578909853,,,
Complex_Chaos_(tau=30),0.1,1e-08,7,4,0,0.2,0.1,10.0,30.0,1.0,2000.0,0.002411030596287989,1969.386586473791,,,
Complex_Chaos_(tau=30),0.1,1e-08,8,1,0,0.2,0.1,10.0,30.0,1.0,2000.0,0.002256864429263618,10380.736797566558,,,
Complex_Chaos_(tau=30),0.1,1e-08,8,2,0,0.2,0.1,10.0,30.0,1.0,2000.0,0.0022207651276905625,4351.007445917087,,,
Complex_Chaos_(tau=30),0.1,1e-08,8,3,0,0.2,0.1,10.0,30.0,1.0,2000.0,0.002085580003291665,3769.5542307182254,,,
Complex_Chaos_(tau=30),0.1,1e-08,8,4,0,0.2,0.1,10.0,30.0,1.0,2000.0,0.002100350123572157,2242.258756518239,,,
Complex_Chaos_(tau=30),0.5,1e-08,4,1,0,0.2,0.1,10.0,30.0,1.0,2000.0,0.000340730700758511,640.1850644158097,,,
Complex_Chaos_(tau=30),0.5,1e-08,4,2,0,0.2,0.1,10.0,30.0,1.0,2000.0,0.00032946225684151923,66.67693994737729,,,
Complex_Chaos_(tau=30),0.5,1e-08,4,3,0,0.2,0.1,10.0,30.0,1.0,2000.0,0.0003299628459458104,56.3583448036411,,,
Complex_Chaos_(tau=30),0.5,1e-08,4,4,0,0.2,0.1,10.0,30.0,1.0,2000.0,0.00032138310554088854,65.20841692686125,,,
Complex_Chaos_(tau=30),0.5,1e-08,5,1,0,0.2,0.1,10.0,30.0,1.0,2000.0,0.00032610985777479194,173.5249641467651,,,
Complex_Chaos_(tau=30),0.5,1e-08,5,2,0,0.2,0.1,10.0,30.0,1.0,2000.0,0.00030674075806424875,79.24164398438546,,,
Complex_Chaos_(tau=30),0.5,1e-08,5,3,0,0.2,0.1,10.0,30.0,1.0,2000.0,0.0003157501120714399,49.61822639533857,,,
Complex_Chaos_(tau=30),0.5,1e-08,5,4,0,0.2,0.1,10.0,30.0,1.0,2000.0,0.00031221725422828404,45.07586766070693,,,
Complex_Chaos_(tau=30),0.5,1e-08,6,1,0,0.2,0.1,10.0,30.0,1.0,2000.0,0.000305217306724753,560.1970489187701,,,
Complex_Chaos_(tau=30),0.5,1e-08,6,2,0,0.2,0.1,10.0,30.0,1.0,2000.0,0.00028921769956566183,117.09287442589672,,,
Complex_Chaos_(tau=30),0.5,1e-08,6,3,0,0.2,0.1,10.0,30.0,1.0,2000.0,0.0002930797268602011,55.58088154108558,,,
Complex_Chaos_(tau=30),0.5,1e-08,6,4,0,0.2,0.1,10.0,30.0,1.0,2000.0,0.00029774923172506,73.76451562113243,,,
Complex_Chaos_(tau=30),0.5,1e-08,7,1,0,0.2,0.1,10.0,30.0,1.0,2000.0,0.00032128115598974844,840.8308541252378,,,
Complex_Chaos_(tau=30),0.5,1e-08,7,2,0,0.2,0.1,10.0,30.0,1.0,2000.0,0.0002763152274338099,190.8721615902052,,,
Complex_Chaos_(tau=30),0.5,1e-08,7,3,0,0.2,0.1,10.0,30.0,1.0,2000.0,0.000279019261524141,67.6428852146041,,,
Complex_Chaos_(tau=30),0.5,1e-08,7,4,0,0.2,0.1,10.0,30.0,1.0,2000.0,0.00027510849474107237,46.19630155410564,,,
Complex_Chaos_(tau=30),0.5,1e-08,8,1,0,0.2,0.1,10.0,30.0,1.0,2000.0,0.0002813171034219703,779.5785417084037,,,
Complex_Chaos_(tau=30),0.5,1e-08,8,2,0,0.2,0.1,10.0,30.0,1.0,2000.0,0.0002561576883882274,180.08945254520276,,,
Complex_Chaos_(tau=30),0.5,1e-08,8,3,0,0.2,0.1,10.0,30.0,1.0,2000.0,0.00026009565033184524,87.8793628310702,,,
Complex_Chaos_(tau=30),0.5,1e-08,8,4,0,0.2,0.1,10.0,30.0,1.0,2000.0,0.0002566757666536426,55.97398541402985,,,
Complex_Chaos_(tau=30),0.99,1e-08,4,1,0,0.2,0.1,10.0,30.0,1.0,2000.0,1.83283522034308e-05,25.140698607322665,,,
Complex_Chaos_(tau=30),0.99,1e-08,4,2,0,0.2,0.1,10.0,30.0,1.0,2000.0,6.74430432591319e-06,0.20328176438964043,,,
Complex_Chaos_(tau=30),0.99,1e-08,4,3,0,0.2,0.1,10.0,30.0,1.0,2000.0,9.999208794304305e-06,0.13416348357057264,,,
Complex_Chaos_(tau=30),0.99,1e-08,4,4,0,0.2,0.1,10.0,30.0,1.0,2000.0,5.17774417792729e-06,18.630261064162642,,,
Complex_Chaos_(tau=30),0.99,1e-08,5,1,0,0.2,0.1,10.0,30.0,1.0,2000.0,1.5042623200974225e-05,29.821227123622993,,,
Complex_Chaos_(tau=30),0.99,1e-08,5,2,0,0.2,0.1,10.0,30.0,1.0,2000.0,5.146113522036584e-06,14.520712835448016,,,
Complex_Chaos_(tau=30),0.99,1e-08,5,3,0,0.2,0.1,10.0,30.0,1.0,2000.0,7.018137630799496e-06,16.28268870837182,,,
Complex_Chaos_(tau=30),0.99,1e-08,5,4,0,0.2,0.1,10.0,30.0,1.0,2000.0,5.35507271451955e-06,11.90954868851635,,,
Complex_Chaos_(tau=30),0.99,1e-08,6,1,0,0.2,0.1,10.0,30.0,1.0,2000.0,1.808848291463585e-05,91.81802812103926,,,
Complex_Chaos_(tau=30),0.99,1e-08,6,2,0,0.2,0.1,10.0,30.0,1.0,2000.0,4.617003162441564e-06,28.139465559780746,,,
Complex_Chaos_(tau=30),0.99,1e-08,6,3,0,0.2,0.1,10.0,30.0,1.0,2000.0,6.195878939637692e-06,8.950333215232742,,,
Complex_Chaos_(tau=30),0.99,1e-08,6,4,0,0.2,0.1,10.0,30.0,1.0,2000.0,8.53575105749e-06,19.338643110399023,,,
Complex_Chaos_(tau=30),0.99,1e-08,7,1,0,0.2,0.1,10.0,30.0,1.0,2000.0,2.9551333638130224e-05,326.72458799835175,,,
Complex_Chaos_(tau=30),0.99,1e-08,7,2,0,0.2,0.1,10.0,30.0,1.0,2000.0,9.671628137620642e-06,44.09798243316113,,,
Complex_Chaos_(tau=30),0.99,1e-08,7,3,0,0.2,0.1,10.0,30.0,1.0,2000.0,8.211819793479367e-06,16.90721240903439,,,
Complex_Chaos_(tau=30),0.99,1e-08,7,4,0,0.2,0.1,10.0,30.0,1.0,2000.0,5.746717596713209e-06,15.289674513360879,,,
Complex_Chaos_(tau=30),0.99,1e-08,8,1,0,0.2,0.1,10.0,30.0,1.0,2000.0,2.1608437475329532e-05,119.96065710399145,,,
Complex_Chaos_(tau=30),0.99,1e-08,8,2,0,0.2,0.1,10.0,30.0,1.0,2000.0,6.243809498419229e-06,36.94525030919705,,,
Complex_Chaos_(tau=30),0.99,1e-08,8,3,0,0.2,0.1,10.0,30.0,1.0,2000.0,1.0758191666997238e-05,28.351593451317253,,,
Complex_Chaos_(tau=30),0.99,1e-08,8,4,0,0.2,0.1,10.0,30.0,1.0,2000.0,7.060087199243956e-06,14.123079432911494,,,
Hyperchaotic_(tau=100),0.1,1e-08,4,1,0,0.2,0.1,10.0,100.0,1.0,2000.0,0.00600414941312189,6905.0957736570135,,,
Hyperchaotic_(tau=100),0.1,1e-08,4,2,0,0.2,0.1,10.0,100.0,1.0,2000.0,0.005983349132690473,2142.606889372168,,,
Hyperchaotic_(tau=100),0.1,1e-08,4,3,0,0.2,0.1,10.0,100.0,1.0,2000.0,0.005988734152776827,873.0125883194914,,,
Hyperchaotic_(tau=100),0.1,1e-08,4,4,0,0.2,0.1,10.0,100.0,1.0,2000.0,0.0059665636709224255,1983.4845658752167,,,
Hyperchaotic_(tau=100),0.1,1e-08,5,1,0,0.2,0.1,10.0,100.0,1.0,2000.0,0.006182239162895328,5877.730741742592,,,
Hyperchaotic_(tau=100),0.1,1e-08,5,2,0,0.2,0.1,10.0,100.0,1.0,2000.0,0.006175063003551527,2674.295984442916,,,
Hyperchaotic_(tau=100),0.1,1e-08,5,3,0,0.2,0.1,10.0,100.0,1.0,2000.0,0.006184712028839301,1716.876824544093,,,
Hyperchaotic_(tau=100),0.1,1e-08,5,4,0,0.2,0.1,10.0,100.0,1.0,2000.0,0.006170161076963324,1609.7326373901726,,,
Hyperchaotic_(tau=100),0.1,1e-08,6,1,0,0.2,0.1,10.0,100.0,1.0,2000.0,0.006345419389081158,8509.341023650135,,,
Hyperchaotic_(tau=100),0.1,1e-08,6,2,0,0.2,0.1,10.0,100.0,1.0,2000.0,0.006295976540549128,3641.402882871103,,,
Hyperchaotic_(tau=100),0.1,1e-08,6,3,0,0.2,0.1,10.0,100.0,1.0,2000.0,0.006285286132796222,2066.3788171256365,,,
Hyperchaotic_(tau=100),0.1,1e-08,6,4,0,0.2,0.1,10.0,100.0,1.0,2000.0,0.006335014061455623,2364.990586782848,,,
Hyperchaotic_(tau=100),0.1,1e-08,7,1,0,0.2,0.1,10.0,100.0,1.0,2000.0,0.006510085679496852,11299.86683733327,,,
Hyperchaotic_(tau=100),0.1,1e-08,7,2,0,0.2,0.1,10.0,100.0,1.0,2000.0,0.006463824255938858,7669.8503531052875,,,
Hyperchaotic_(tau=100),0.1,1e-08,7,3,0,0.2,0.1,10.0,100.0,1.0,2000.0,0.006463627343536833,3353.0691402440702,,,
Hyperchaotic_(tau=100),0.1,1e-08,7,4,0,0.2,0.1,10.0,100.0,1.0,2000.0,0.006504726438190012,1726.458691061202,,,
Hyperchaotic_(tau=100),0.1,1e-08,8,1,0,0.2,0.1,10.0,100.0,1.0,2000.0,0.006519490511181115,16014.3368846917,,,
Hyperchaotic_(tau=100),0.1,1e-08,8,2,0,0.2,0.1,10.0,100.0,1.0,2000.0,0.006664073973836451,7829.298733096714,,,
Hyperchaotic_(tau=100),0.1,1e-08,8,3,0,0.2,0.1,10.0,100.0,1.0,2000.0,0.006658415024036155,2891.0859292993014,,,
Hyperchaotic_(tau=100),0.1,1e-08,8,4,0,0.2,0.1,10.0,100.0,1.0,2000.0,0.006553892379864715,2222.603769973706,,,
Hyperchaotic_(tau=100),0.5,1e-08,4,1,0,0.2,0.1,10.0,100.0,1.0,2000.0,0.0004995440585858726,758.9525220854612,,,
Hyperchaotic_(tau=100),0.5,1e-08,4,2,0,0.2,0.1,10.0,100.0,1.0,2000.0,0.0004814145002617894,78.87134868980664,,,
Hyperchaotic_(tau=100),0.5,1e-08,4,3,0,0.2,0.1,10.0,100.0,1.0,2000.0,0.00048540386855221043,52.28719901949328,,,
Hyperchaotic_(tau=100),0.5,1e-08,4,4,0,0.2,0.1,10.0,100.0,1.0,2000.0,0.00047547233274842723,85.38505803745616,,,
Hyperchaotic_(tau=100),0.5,1e-08,5,1,0,0.2,0.1,10.0,100.0,1.0,2000.0,0.0005149140249797303,119.02982048465111,,,
Hyperchaotic_(tau=100),0.5,1e-08,5,2,0,0.2,0.1,10.0,100.0,1.0,2000.0,0.0004857308695222515,81.23151560328391,,,
Hyperchaotic_(tau=100),0.5,1e-08,5,3,0,0.2,0.1,10.0,100.0,1.0,2000.0,0.0004915953873135957,62.852675917941994,,,
Hyperchaotic_(tau=100),0.5,1e-08,5,4,0,0.2,0.1,10.0,100.0,1.0,2000.0,0.0004969265400046961,57.40431236822905,,,
Hyperchaotic_(tau=100),0.5,1e-08,6,1,0,0.2,0.1,10.0,100.0,1.0,2000.0,0.000527288390778073,818.1363397749986,,,
Hyperchaotic_(tau=100),0.5,1e-08,6,2,0,0.2,0.1,10.0,100.0,1.0,2000.0,0.000498616919525372,92.37819678960273,,,
Hyperchaotic_(tau=100),0.5,1e-08,6,3,0,0.2,0.1,10.0,100.0,1.0,2000.0,0.0005051842787402756,59.0748182746371,,,
Hyperchaotic_(tau=100),0.5,1e-08,6,4,0,0.2,0.1,10.0,100.0,1.0,2000.0,0.0005075141266492678,73.17881794830478,,,
Hyperchaotic_(tau=100),0.5,1e-08,7,1,0,0.2,0.1,10.0,100.0,1.0,2000.0,0.0005716038253390114,928.6954921598369,,,
Hyperchaotic_(tau=100),0.5,1e-08,7,2,0,0.2,0.1,10.0,100.0,1.0,2000.0,0.0005112041944958853,177.24981555744944,,,
Hyperchaotic_(tau=100),0.5,1e-08,7,3,0,0.2,0.1,10.0,100.0,1.0,2000.0,0.0005203883464212388,69.48946746408897,,,
Hyperchaotic_(tau=100),0.5,1e-08,7,4,0,0.2,0.1,10.0,100.0,1.0,2000.0,0.0005137673581465916,51.78662355245925,,,
Hyperchaotic_(tau=100),0.5,1e-08,8,1,0,0.2,0.1,10.0,100.0,1.0,2000.0,0.000547821577764978,505.8539318856035,,,
Hyperchaotic_(tau=100),0.5,1e-08,8,2,0,0.2,0.1,10.0,100.0,1.0,2000.0,0.0005230287952709896,155.26924814304186,,,
Hyperchaotic_(tau=100),0.5,1e-08,8,3,0,0.2,0.1,10.0,100.0,1.0,2000.0,0.0005273034218404761,76.22847880182884,,,
Hyperchaotic_(tau=100),0.5,1e-08,8,4,0,0.2,0.1,10.0,100.0,1.0,2000.0,0.0005280846824775411,41.30513781882243,,,
Hyperchaotic_(tau=100),0.99,1e-08,4,1,0,0.2,0.1,10.0,100.0,1.0,2000.0,1.731527297950261e-05,26.145350232094117,,,
Hyperchaotic_(tau=100),0.99,1e-08,4,2,0,0.2,0.1,10.0,100.0,1.0,2000.0,8.12104010597139e-06,0.11999079434997427,,,
Hyperchaotic_(tau=100),0.99,1e-08,4,3,0,0.2,0.1,10.0,100.0,1.0,2000.0,1.1895114366561303e-05,0.11008448001657861,,,
Hyperchaotic_(tau=100),0.99,1e-08,4,4,0,0.2,0.1,10.0,100.0,1.0,2000.0,8.195700629287643e-06,12.623803784713187,,,
Hyperchaotic_(tau=100),0.99,1e-08,5,1,0,0.2,0.1,10.0,100.0,1.0,2000.0,1.6628213002089068e-05,35.80242970781341,,,
Hyperchaotic_(tau=100),0.99,1e-08,5,2,0,0.2,0.1,10.0,100.0,1.0,2000.0,5.552958901026107e-06,0.11975051377528008,,,
Hyperchaotic_(tau=100),0.99,1e-08,5,3,0,0.2,0.1,10.0,100.0,1.0,2000.0,7.100799893953599e-06,8.287245588880813,,,
Hyperchaotic_(tau=100),0.99,1e-08,5,4,0,0.2,0.1,10.0,100.0,1.0,2000.0,8.619332023039296e-06,12.006753411207807,,,
Hyperchaotic_(tau=100),0.99,1e-08,6,1,0,0.2,0.1,10.0,100.0,1.0,2000.0,1.7632422888545752e-05,75.84921654565208,,,
Hyperchaotic_(tau=100),0.99,1e-08,6,2,0,0.2,0.1,10.0,100.0,1.0,2000.0,5.691155632366255e-06,15.753666903932626,,,
Hyperchaotic_(tau=100),0.99,1e-08,6,3,0,0.2,0.1,10.0,100.0,1.0,2000.0,7.638341672781246e-06,5.069023963863337,,,
Hyperchaotic_(tau=100),0.99,1e-08,6,4,0,0.2,0.1,10.0,100.0,1.0,2000.0,9.333727653141446e-06,14.883188423737758,,,
Hyperchaotic_(tau=100),0.99,1e-08,7,1,0,0.2,0.1,10.0,100.0,1.0,2000.0,3.498504023520666e-05,320.9649349214091,,,
Hyperchaotic_(tau=100),0.99,1e-08,7,2,0,0.2,0.1,10.0,100.0,1.0,2000.0,9.910447907478683e-06,29.54264150667455,,,
Hyperchaotic_(tau=100),0.99,1e-08,7,3,0,0.2,0.1,10.0,100.0,1.0,2000.0,8.922409812830764e-06,15.29494478222637,,,
Hyperchaotic_(tau=100),0.99,1e-08,7,4,0,0.2,0.1,10.0,100.0,1.0,2000.0,8.533688455685424e-06,16.036342886817206,,,
Hyperchaotic_(tau=100),0.99,1e-08,8,1,0,0.2,0.1,10.0,100.0,1.0,2000.0,2.079149628261437e-05,78.03242291227293,,,
Hyperchaotic_(tau=100),0.99,1e-08,8,2,0,0.2,0.1,10.0,100.0,1.0,2000.0,8.370508516944129e-06,35.67647762031358,,,
Hyperchaotic_(tau=100),0.99,1e-08,8,3,0,0.2,0.1,10.0,100.0,1.0,2000.0,1.3388512166622553e-05,28.537360563212488,,,
Hyperchaotic_(tau=100),0.99,1e-08,8,4,0,0.2,0.1,10.0,100.0,1.0,2000.0,8.689006476039934e-06,9.950530594905105,,,
ARMA_1_2_stochastic,0.1,1e-08,4,1,0,,,,,,,0.009586712739935891,0.024605829212563938,2000.0,"[1, -0.7]","[1, 0.5, -0.3]"
ARMA_1_2_stochastic,0.1,1e-08,4,2,0,,,,,,,0.009615487107524431,0.024236070436727465,2000.0,"[1, -0.7]","[1, 0.5, -0.3]"
ARMA_1_2_stochastic,0.1,1e-08,4,3,0,,,,,,,0.009539169123166267,0.024118542050982135,2000.0,"[1, -0.7]","[1, 0.5, -0.3]"
ARMA_1_2_stochastic,0.1,1e-08,4,4,0,,,,,,,0.009633599414017298,0.02462813969502415,2000.0,"[1, -0.7]","[1, 0.5, -0.3]"
ARMA_1_2_stochastic,0.1,1e-08,5,1,0,,,,,,,0.009662857211623622,0.025203208418430444,2000.0,"[1, -0.7]","[1, 0.5, -0.3]"
ARMA_1_2_stochastic,0.1,1e-08,5,2,0,,,,,,,0.009556162748087273,0.024281116634275356,2000.0,"[1, -0.7]","[1, 0.5, -0.3]"
ARMA_1_2_stochastic,0.1,1e-08,5,3,0,,,,,,,0.009524076608763704,0.024671826636473517,2000.0,"[1, -0.7]","[1, 0.5, -0.3]"
ARMA_1_2_stochastic,0.1,1e-08,5,4,0,,,,,,,0.009529848967375359,0.02480309845691226,2000.0,"[1, -0.7]","[1, 0.5, -0.3]"
ARMA_1_2_stochastic,0.1,1e-08,6,1,0,,,,,,,0.00957473956460809,0.025542158378476905,2000.0,"[1, -0.7]","[1, 0.5, -0.3]"
ARMA_1_2_stochastic,0.1,1e-08,6,2,0,,,,,,,0.009479945661439313,0.02571889987064439,2000.0,"[1, -0.7]","[1, 0.5, -0.3]"
ARMA_1_2_stochastic,0.1,1e-08,6,3,0,,,,,,,0.009363807512486848,0.02453536116387365,2000.0,"[1, -0.7]","[1, 0.5, -0.3]"
ARMA_1_2_stochastic,0.1,1e-08,6,4,0,,,,,,,0.009450793318059455,0.024358898348790545,2000.0,"[1, -0.7]","[1, 0.5, -0.3]"
ARMA_1_2_stochastic,0.1,1e-08,7,1,0,,,,,,,0.0093019657765229,0.026458975370948958,2000.0,"[1, -0.7]","[1, 0.5, -0.3]"
ARMA_1_2_stochastic,0.1,1e-08,7,2,0,,,,,,,0.00901035981951996,0.025556148202517434,2000.0,"[1, -0.7]","[1, 0.5, -0.3]"
ARMA_1_2_stochastic,0.1,1e-08,7,3,0,,,,,,,0.009211857354446908,0.025351812882610684,2000.0,"[1, -0.7]","[1, 0.5, -0.3]"
ARMA_1_2_stochastic,0.1,1e-08,7,4,0,,,,,,,0.009197319606683246,0.025562145893241146,2000.0,"[1, -0.7]","[1, 0.5, -0.3]"
ARMA_1_2_stochastic,0.1,1e-08,8,1,0,,,,,,,0.009986377679065508,0.02697626192955931,2000.0,"[1, -0.7]","[1, 0.5, -0.3]"
ARMA_1_2_stochastic,0.1,1e-08,8,2,0,,,,,,,0.008905354738467475,0.025197804500591312,2000.0,"[1, -0.7]","[1, 0.5, -0.3]"
ARMA_1_2_stochastic,0.1,1e-08,8,3,0,,,,,,,0.009034328223262339,0.025819697425890586,2000.0,"[1, -0.7]","[1, 0.5, -0.3]"
ARMA_1_2_stochastic,0.1,1e-08,8,4,0,,,,,,,0.008756797217343676,0.024454981758280658,2000.0,"[1, -0.7]","[1, 0.5, -0.3]"
ARMA_1_2_stochastic,0.5,1e-08,4,1,0,,,,,,,0.009309794112653138,0.022785203750199715,2000.0,"[1, -0.7]","[1, 0.5, -0.3]"
ARMA_1_2_stochastic,0.5,1e-08,4,2,0,,,,,,,0.009138064030847525,0.02279459685944855,2000.0,"[1, -0.7]","[1, 0.5, -0.3]"
ARMA_1_2_stochastic,0.5,1e-08,4,3,0,,,,,,,0.009084191066240683,0.022962193550508426,2000.0,"[1, -0.7]","[1, 0.5, -0.3]"
ARMA_1_2_stochastic,0.5,1e-08,4,4,0,,,,,,,0.00911216301761542,0.022925255416547212,2000.0,"[1, -0.7]","[1, 0.5, -0.3]"
ARMA_1_2_stochastic,0.5,1e-08,5,1,0,,,,,,,0.009080600104023097,0.023014896062684462,2000.0,"[1, -0.7]","[1, 0.5, -0.3]"
ARMA_1_2_stochastic,0.5,1e-08,5,2,0,,,,,,,0.008781116714067082,0.022816317345456992,2000.0,"[1, -0.7]","[1, 0.5, -0.3]"
ARMA_1_2_stochastic,0.5,1e-08,5,3,0,,,,,,,0.008765559854012369,0.022939078853499377,2000.0,"[1, -0.7]","[1, 0.5, -0.3]"
ARMA_1_2_stochastic,0.5,1e-08,5,4,0,,,,,,,0.008801909906390685,0.022841576410154676,2000.0,"[1, -0.7]","[1, 0.5, -0.3]"
ARMA_1_2_stochastic,0.5,1e-08,6,1,0,,,,,,,0.009547709680725786,0.02306971121783598,2000.0,"[1, -0.7]","[1, 0.5, -0.3]"
ARMA_1_2_stochastic,0.5,1e-08,6,2,0,,,,,,,0.008790455892512873,0.022883635392033277,2000.0,"[1, -0.7]","[1, 0.5, -0.3]"
ARMA_1_2_stochastic,0.5,1e-08,6,3,0,,,,,,,0.008723052759431152,0.022959836008591968,2000.0,"[1, -0.7]","[1, 0.5, -0.3]"
ARMA_1_2_stochastic,0.5,1e-08,6,4,0,,,,,,,0.008809985827305985,0.022877216159974414,2000.0,"[1, -0.7]","[1, 0.5, -0.3]"
ARMA_1_2_stochastic,0.5,1e-08,7,1,0,,,,,,,0.009180062055962251,0.023184350641073586,2000.0,"[1, -0.7]","[1, 0.5, -0.3]"
ARMA_1_2_stochastic,0.5,1e-08,7,2,0,,,,,,,0.008738876682268845,0.023154666155669388,2000.0,"[1, -0.7]","[1, 0.5, -0.3]"
ARMA_1_2_stochastic,0.5,1e-08,7,3,0,,,,,,,0.008889141027331142,0.0231223531005961,2000.0,"[1, -0.7]","[1, 0.5, -0.3]"
ARMA_1_2_stochastic,0.5,1e-08,7,4,0,,,,,,,0.008933329065931259,0.023173725768477735,2000.0,"[1, -0.7]","[1, 0.5, -0.3]"
ARMA_1_2_stochastic,0.5,1e-08,8,1,0,,,,,,,0.010200926186686759,0.02379430693314251,2000.0,"[1, -0.7]","[1, 0.5, -0.3]"
ARMA_1_2_stochastic,0.5,1e-08,8,2,0,,,,,,,0.008917818692683753,0.023173084341166952,2000.0,"[1, -0.7]","[1, 0.5, -0.3]"
ARMA_1_2_stochastic,0.5,1e-08,8,3,0,,,,,,,0.0088080530829501,0.023502268258919413,2000.0,"[1, -0.7]","[1, 0.5, -0.3]"
ARMA_1_2_stochastic,0.5,1e-08,8,4,0,,,,,,,0.008831463984835912,0.02342880643636339,2000.0,"[1, -0.7]","[1, 0.5, -0.3]"
ARMA_1_2_stochastic,0.99,1e-08,4,1,0,,,,,,,0.009107419438698269,0.022972915146596874,2000.0,"[1, -0.7]","[1, 0.5, -0.3]"
ARMA_1_2_stochastic,0.99,1e-08,4,2,0,,,,,,,0.008757575425434011,0.02261866580799156,2000.0,"[1, -0.7]","[1, 0.5, -0.3]"
ARMA_1_2_stochastic,0.99,1e-08,4,3,0,,,,,,,0.008794090734984262,0.022797643168568686,2000.0,"[1, -0.7]","[1, 0.5, -0.3]"
ARMA_1_2_stochastic,0.99,1e-08,4,4,0,,,,,,,0.008806761420139154,0.02284563720551329,2000.0,"[1, -0.7]","[1, 0.5, -0.3]"
ARMA_1_2_stochastic,0.99,1e-08,5,1,0,,,,,,,0.00912542491645025,0.02346130948904769,2000.0,"[1, -0.7]","[1, 0.5, -0.3]"
ARMA_1_2_stochastic,0.99,1e-08,5,2,0,,,,,,,0.00852812211422704,0.02275870866556751,2000.0,"[1, -0.7]","[1, 0.5, -0.3]"
ARMA_1_2_stochastic,0.99,1e-08,5,3,0,,,,,,,0.008642570149367744,0.023407989531752285,2000.0,"[1, -0.7]","[1, 0.5, -0.3]"
ARMA_1_2_stochastic,0.99,1e-08,5,4,0,,,,,,,0.008542432586749839,0.02272121300234593,2000.0,"[1, -0.7]","[1, 0.5, -0.3]"
ARMA_1_2_stochastic,0.99,1e-08,6,1,0,,,,,,,0.009686541231477086,0.022774819963570336,2000.0,"[1, -0.7]","[1, 0.5, -0.3]"
ARMA_1_2_stochastic,0.99,1e-08,6,2,0,,,,,,,0.00846773530932212,0.02259374356211041,2000.0,"[1, -0.7]","[1, 0.5, -0.3]"
ARMA_1_2_stochastic,0.99,1e-08,6,3,0,,,,,,,0.008449776212934223,0.022951771765061087,2000.0,"[1, -0.7]","[1, 0.5, -0.3]"
ARMA_1_2_stochastic,0.99,1e-08,6,4,0,,,,,,,0.00857662468337351,0.022832894240495068,2000.0,"[1, -0.7]","[1, 0.5, -0.3]"
ARMA_1_2_stochastic,0.99,1e-08,7,1,0,,,,,,,0.009525750917648197,0.023389677615403656,2000.0,"[1, -0.7]","[1, 0.5, -0.3]"
ARMA_1_2_stochastic,0.99,1e-08,7,2,0,,,,,,,0.008696293357261426,0.022849569066665423,2000.0,"[1, -0.7]","[1, 0.5, -0.3]"
ARMA_1_2_stochastic,0.99,1e-08,7,3,0,,,,,,,0.008500126283568617,0.02264658170385543,2000.0,"[1, -0.7]","[1, 0.5, -0.3]"
ARMA_1_2_stochastic,0.99,1e-08,7,4,0,,,,,,,0.008637173057816212,0.02285031654410331,2000.0,"[1, -0.7]","[1, 0.5, -0.3]"
ARMA_1_2_stochastic,0.99,1e-08,8,1,0,,,,,,,0.009918736250369025,0.023091602144440435,2000.0,"[1, -0.7]","[1, 0.5, -0.3]"
ARMA_1_2_stochastic,0.99,1e-08,8,2,0,,,,,,,0.008595902395395788,0.022743979835250203,2000.0,"[1, -0.7]","[1, 0.5, -0.3]"
ARMA_1_2_stochastic,0.99,1e-08,8,3,0,,,,,,,0.008632612110735204,0.022896532207188458,2000.0,"[1, -0.7]","[1, 0.5, -0.3]"
ARMA_1_2_stochastic,0.99,1e-08,8,4,0,,,,,,,0.008698752009566067,0.02278703721631548,2000.0,"[1, -0.7]","[1, 0.5, -0.3]"
